symbol,h,r2,lo,hi,beta,t,p,pred_move,half_spread,n_test,significant,tradeable
AAPL,1,0.0019576101600851104,0.0010275569697524717,0.002928819750030073,6.69039547553678e-07,6.891439274535788,5.523069829153667e-12,0.0016384778519589573,0.016925,20897,True,False
AAPL,2,0.0008844821500162414,-6.0932867112828336e-05,0.0017268501674528036,8.379491868113204e-07,4.324656927626695,1.527694222688522e-05,0.0020521375585009238,0.016925,20894,True,False
AAPL,3,0.0009111177965333006,0.00011801558059236496,0.0016770343023924132,9.623521016445835e-07,4.448528973068204,8.646038792025674e-06,0.002356800296927585,0.016925,20891,True,False
AAPL,5,0.0006517023890559859,-7.700400417400276e-05,0.0014172282062465652,1.1413289931511935e-06,3.7011765031773094,0.00021460212882131865,0.002795114704227273,0.016925,20885,True,False
AAPL,10,0.0005556070479451058,7.946744563242238e-05,0.0010802785731078928,1.0979370744221035e-06,3.725545644291017,0.00019489318094060418,0.0026888478952597317,0.016925,20870,True,False
AAPL,20,0.000420274308407409,0.00011397439441831748,0.0007521014439797023,1.0088482760815686e-06,3.8084929298995798,0.00013981634329409068,0.0024677437681231273,0.016925,20840,True,False
AMZN,1,0.012446050355125915,0.008967666796361826,0.01636332427177983,3.795591204894742e-05,11.348935237721191,7.507129341549977e-30,0.03510162746286658,0.287925,6893,True,False
AMZN,2,0.0066590991323906,0.00358983311499258,0.010130597256892427,4.4538352025954996e-05,7.9838604337848,1.4182637315073872e-15,0.04115343727198242,0.287925,6890,True,False
AMZN,3,0.004181148104603127,0.0008512694884832724,0.007104906447697968,5.109425114547098e-05,5.913801570111644,3.343005922226817e-09,0.04718043150772793,0.287925,6887,True,False
AMZN,5,0.0018317004056573882,-0.0013372952644216947,0.00501326541571126,5.219643029146178e-05,3.700648309088974,0.0002150493492323775,0.048177305159019225,0.2879500000000001,6881,True,False
AMZN,10,0.000997147435114809,-0.003395152070470875,0.004256406272703405,7.310248186819471e-05,2.629965925456039,0.008539342680333123,0.06718118083687094,0.2883,6866,True,False
AMZN,20,0.0008683084689982135,-0.001189198775056477,0.0027759227530748678,5.7514763554079e-05,2.829982623190807,0.004655053232768798,0.05282731032442156,0.28905000000000003,6836,True,False
CSCO,1,0.005094711911298511,0.003663659474823744,0.006525302862853313,5.6657491493919037e-08,9.017160032803837,1.9302832210835768e-19,0.0005385804483920449,0.0052,11512,True,False
CSCO,2,0.0032021232810808264,0.0022332100614684464,0.004514569293902276,7.214728077287634e-08,6.685911889781155,2.2949107908344066e-11,0.0006855578913600256,0.0052,11509,True,False
CSCO,3,0.001437538099242186,0.0007911325278451287,0.002065737974419535,5.0392050321926844e-08,4.825029378296312,1.3998263215545988e-06,0.0004787748701086269,0.0052,11506,True,False
CSCO,5,0.0005909737485511046,0.0001655482362712346,0.0009833462856995933,4.0031717604038706e-08,3.1449560857772623,0.0016611176250243959,0.00038001308887161873,0.0052,11500,True,False
CSCO,10,0.00022352760005517336,-4.064999169333116e-05,0.000475579422077163,4.1772703204733615e-08,1.7431430694127994,0.0813086269765166,0.0003955540811862637,0.0052,11485,False,False
CSCO,20,7.622213106106557e-05,-3.2879873010271944e-05,0.0001970518734351222,2.2795328038801162e-08,1.2701184781693293,0.2040424304910428,0.00021473199012550693,0.0052,11455,False,False
GOOGL,1,0.004711960938272308,0.0007394403527610866,0.008220497431784322,4.237506795054078e-05,10.005580681587904,1.4404412654043008e-23,0.03406955463223479,0.2671,15340,True,False
GOOGL,2,0.0074466758386702026,0.0030060005211119765,0.011761743272651072,5.5584646425218816e-05,11.18796605385732,4.670237396776415e-29,0.04465670493802078,0.26710000000000006,15337,True,False
GOOGL,3,0.006684559732603068,0.0020172056102531893,0.010719589144465037,6.399885269546492e-05,10.540104962640045,5.643587550949566e-26,0.0514358779113452,0.2671125,15334,True,False
GOOGL,5,0.005333020133269972,0.0014696858517554395,0.00944558993943702,6.753837423086971e-05,9.250407748346666,2.2363789507128353e-20,0.05423331450738838,0.2671125,15328,True,False
GOOGL,10,0.0034636478861101994,-0.00018617648264102057,0.0069300815033886,7.216630215939704e-05,7.437033372260642,1.0297154424749745e-13,0.05787737433183643,0.26709999999999995,15313,True,False
GOOGL,20,0.0030644837169969685,-0.0008516693453991086,0.0074429798516411705,9.051839379163353e-05,7.057192073351904,1.699007097478702e-12,0.07241471503330682,0.26725,15283,True,False
INTC,1,0.0035360429227542234,0.002407374634653528,0.0044320810066884875,7.387502159803242e-08,9.319471166987114,1.1692159952435251e-20,0.0004847309542154897,0.00535,16276,True,False
INTC,2,0.001274264828362126,0.0007103928496683065,0.0018542314764432076,5.796258672521772e-08,5.845003699327916,5.065570091126838e-09,0.00037980564577566177,0.00535,16273,True,False
INTC,3,0.00047080085061079746,0.00012884769939906505,0.0007997412273052863,4.639474126794513e-08,3.387867376782885,0.0007043831479032887,0.00030394122899456215,0.00535,16270,True,False
INTC,5,5.432364342861096e-05,2.322313496340156e-05,8.801997585431707e-05,6.08548197851326e-09,3.0615067580350743,0.002202260205487927,3.986051550745972e-05,0.00535,16264,True,False
INTC,10,2.6401354776384167e-05,1.1863682250470853e-05,3.957205646872018e-05,4.8772329260297206e-09,2.5637826418766823,0.01035383617532915,3.190490690891603e-05,0.00535,16249,True,False
INTC,20,5.365639297671976e-05,1.0320131170007964e-05,9.512900314057325e-05,1.6661740498246148e-08,2.2097022433899056,0.027125833961102734,0.00010887114476364,0.00535,16219,True,False
MSFT,1,0.0034941471632734533,0.002637031984637306,0.0044792381531559835,2.904890948130334e-07,10.806678768204637,3.2004839002155744e-27,0.0008976113029722732,0.00709999999999995,20997,True,False
MSFT,2,0.002284511316261617,0.0015670623686985324,0.003082945446644658,3.6160066254121544e-07,8.432677593047,3.378445319236665e-17,0.0011173460472523556,0.00709999999999995,20994,True,False
MSFT,3,0.002080304693535817,0.001404425634281678,0.002794228465048217,3.958757514064842e-07,8.434348165814065,3.3305383887412234e-17,0.001223256071846036,0.00709999999999995,20991,True,False
MSFT,5,0.0013135539186791556,0.0008153923669365099,0.0018719236116093384,3.7064157586386406e-07,7.2367260918689675,4.596451257027835e-13,0.0011446153145827866,0.00709999999999995,20985,True,False
MSFT,10,0.0006491222863479473,0.0003155253304468586,0.0009746703518462684,3.6510284578340595e-07,5.224570618105424,1.7455970006127078e-07,0.0011267073820875907,0.00709999999999995,20970,True,False
MSFT,20,0.00041833365580146165,0.00018332897274340177,0.0006415016464859063,3.6662491098119186e-07,4.6655766445502005,3.077527535315567e-06,0.0011299746381351321,0.00709999999999995,20940,True,False
QQQ,1,0.0014554801887579627,0.0003825485532192974,0.0024478216856550906,9.38924897841129e-08,7.954108578771823,1.8042584327178326e-15,0.0009744162589795237,0.006125,41421,True,False
QQQ,2,0.0009072644505880856,0.00015200500363836972,0.0017636173399732387,1.0897875566589523e-07,6.332247401961847,2.4161564685838504e-10,0.001131112300807461,0.006125,41418,True,False
QQQ,3,0.0007072975853987806,1.4483299780296324e-05,0.001406091073282134,1.1224044813676075e-07,5.526093661344735,3.274393732266555e-08,0.0011651007478388307,0.006125,41415,True,False
QQQ,5,0.0006537370020848199,0.000150401037573944,0.0011591547151837938,1.192572163769985e-07,5.208596970758167,1.9027390301175437e-07,0.001237746797333594,0.006125,41409,True,False
QQQ,10,0.00015653914885527254,-0.0001323354257236453,0.0004758458247381803,1.0623148655068273e-07,2.6506992749084968,0.008032532647244692,0.0011021198035173687,0.006125,41394,True,False
QQQ,20,4.2015798293659756e-05,-0.00017661645510601564,0.00023791427999096947,9.896437857574098e-08,1.5071367469923531,0.1317756093775972,0.001026003298446138,0.006125,41364,False,False
SPY,1,0.0051855303429102495,0.0038823266308066345,0.006458527117013518,1.646057405374658e-07,14.979704140612416,9.965968996995764e-51,0.001290657150980216,0.006775,40312,True,False
SPY,2,0.003979827033473882,0.003059291846594872,0.00498281908786252,1.8044405387375591e-07,13.697383233485285,1.0524947227135102e-42,0.0014148979152348957,0.006775,40309,True,False
SPY,3,0.0033180848396781037,0.0023917019705546523,0.0041332072084835575,2.059054968457555e-07,12.447686443507191,1.4395783821292655e-35,0.0016146079535159917,0.006775,40306,True,False
SPY,5,0.002479227986872168,0.0018166035688998994,0.003190025119837914,2.247510578120999e-07,10.890527480567373,1.2789733422872526e-27,0.001761846017294832,0.006775,40300,True,False
SPY,10,0.0013033266104334196,0.0007889313649502045,0.0018110264258131583,2.281009052009626e-07,7.923923118825191,2.3013194298759104e-15,0.0017867600106201795,0.006775,40285,True,False
SPY,20,0.0008286893561667563,0.0003510188341100284,0.001311114049338477,2.600814532217347e-07,6.234594218566915,4.529506486577355e-10,0.0020338369641939654,0.006775,40255,True,False
